{
  "model_name": "NeuralNetwork",
  "timestamp": "20260322_170017",
  "metrics": {
    "accuracy": 0.94,
    "f1_score": 0.9109278350515464,
    "classification_report": {
      "0": {
        "precision": 0.94,
        "recall": 1.0,
        "f1-score": 0.9690721649484536,
        "support": 188.0
      },
      "1": {
        "precision": 0.0,
        "recall": 0.0,
        "f1-score": 0.0,
        "support": 12.0
      },
      "accuracy": 0.94,
      "macro avg": {
        "precision": 0.47,
        "recall": 0.5,
        "f1-score": 0.4845360824742268,
        "support": 200.0
      },
      "weighted avg": {
        "precision": 0.8835999999999999,
        "recall": 0.94,
        "f1-score": 0.9109278350515464,
        "support": 200.0
      }
    }
  },
  "model_path": "C:\\Users\\timofey\\OneDrive\\Desktop\\MLOps-project\\models\\versions\\NeuralNetwork_20260322_170017.pkl"
}