age,bmi,children,smoker,region,charges
19,27.9,0,yes,southwest,16884.924
18,33.77,1,no,southeast,1725.5523
28,33,3,no,southeast,4449.462
33,22.705,0,no,northwest,21984.47061
32,28.88,0,no,northwest,3866.8552
31,25.74,0,no,southeast,3756.6216
46,33.44,1,no,southeast,8240.5896
37,27.74,3,no,northwest,7281.5056
37,29.83,2,no,northeast,6406.4107
60,25.84,0,no,northwest,28923.13692
